{
  "mean": [
    -0.17717178165912628,
    0.11978583037853241,
    0.15730413794517517,
    0.6029033064842224,
    -0.2163279950618744,
    -0.0676117017865181,
    -0.18043963611125946,
    -0.12452997267246246,
    -0.1559837907552719,
    0.6076871156692505,
    -0.21946348249912262,
    0.06831605732440948,
    -0.02704566903412342,
    -0.008765151724219322,
    0.2092658281326294,
    -0.042822372168302536,
    0.39940544962882996,
    -0.5005888938903809,
    0.6070540547370911,
    0.022129029035568237,
    0.003846788080409169,
    0.08756343275308609,
    -0.09551609307527542,
    -0.3695734441280365,
    0.5580379962921143,
    0.6312785148620605,
    -0.03384677693247795,
    0.002406216226518154,
    -0.08892747759819031,
    0.01554136909544468,
    -0.0038928852882236242,
    -0.0029914460610598326,
    -0.018442269414663315,
    0.010450884699821472,
    -0.00040463401819579303,
    0.01916320249438286,
    0.004764653276652098,
    0.0022208939772099257,
    -0.020938647910952568,
    0.010320654138922691,
    0.0007488388218916953,
    0.00043600579374469817,
    -0.00015753661864437163,
    -0.007893084548413754,
    0.009900111705064774,
    0.00023043832334224135,
    0.005622910801321268,
    -0.0036338381469249725,
    -0.0014959884574636817,
    -0.0011017357464879751,
    -0.0010148726869374514,
    0.0060514663346111774,
    -0.001599506358616054,
    -0.0047431024722754955,
    -0.005491955205798149,
    -9.346380102215335e-05,
    -0.0010589264566078782,
    -0.00041359668830409646,
    0.9731005430221558,
    -5.392046205088263e-06,
    0.00036354089388623834,
    -8.643686305731535e-05,
    -0.026547200977802277,
    -2.8489008400356397e-05,
    -3.9385195123031735e-05
  ],
  "std": [
    0.32610276341438293,
    0.17596344649791718,
    0.20370128750801086,
    0.4829145073890686,
    0.19817738234996796,
    0.11349450051784515,
    0.3259669840335846,
    0.1761707365512848,
    0.20283859968185425,
    0.48195385932922363,
    0.19761840999126434,
    0.113902248442173,
    0.12368759512901306,
    0.09094586223363876,
    0.13068635761737823,
    0.44864600896835327,
    0.22669266164302826,
    0.36988645792007446,
    0.5947654843330383,
    0.32163625955581665,
    0.14222922921180725,
    0.25861862301826477,
    0.4367477595806122,
    0.22626177966594696,
    0.3591051995754242,
    0.5931282043457031,
    0.32610970735549927,
    0.14064869284629822,
    0.25601330399513245,
    1.6693670749664307,
    1.2170779705047607,
    1.2164703607559204,
    3.429614543914795,
    2.0484092235565186,
    1.2416127920150757,
    1.6719008684158325,
    1.2193089723587036,
    1.2184184789657593,
    3.429288625717163,
    2.044175863265991,
    1.2397537231445312,
    0.7514405250549316,
    0.6001842021942139,
    0.5885576605796814,
    2.060985565185547,
    0.9047536849975586,
    1.4050488471984863,
    1.7069441080093384,
    1.270279884338379,
    0.5690616369247437,
    0.9727938771247864,
    2.032867908477783,
    0.9060174822807312,
    1.3703380823135376,
    1.7061338424682617,
    1.2637594938278198,
    0.5651615262031555,
    0.9666510224342346,
    0.2179870903491974,
    0.026966916397213936,
    0.02607537992298603,
    0.06441812217235565,
    0.1499578356742859,
    0.06783497333526611,
    0.04222705215215683
  ],
  "stats_type": "sampled_window",
  "root_relative": true,
  "history_len": 20,
  "pred_len": 10,
  "frame_dim": 65,
  "num_source_files": 54995,
  "num_files_used": 20000,
  "max_files": 20000,
  "num_windows_used": 199980,
  "num_frames_accumulated": 5999400,
  "seed": 42
}