{
  "preprocessing_assumptions": {
    "target_fps": 50.0,
    "assume_fps_if_missing": 120,
    "source_joint_unit": "degrees",
    "source_root_pos_unit": "centimeters",
    "source_root_euler_unit": "degrees",
    "joint_pos_only_mode": false,
    "allow_joint_vel_fallback": true,
    "allow_body_pos_zero_fallback": false,
    "allow_body_quat_identity_debug_fallback": false,
    "renormalize_quaternion": true,
    "expected_joint_count": 29
  },
  "num_train_sequences": 54995,
  "num_train_frames": 17600322,
  "mean": [
    -0.15011350730432796,
    0.11084691718313779,
    0.1663498921207234,
    0.5398722597458759,
    -0.2108613153590561,
    -0.06527535733164588,
    -0.1522593162923942,
    -0.11484474847013372,
    -0.16466230778783192,
    0.5449975146651079,
    -0.21360339444270227,
    0.06569163290848398,
    -0.026286774376166597,
    -0.008404435295370835,
    0.20255554746402726,
    -0.05193986404202313,
    0.3849341487759971,
    -0.4925279219900913,
    0.6666557343023778,
    0.012580215345562779,
    0.008026570597354734,
    0.07085235964527829,
    -0.1066728504608347,
    -0.3536315497203289,
    0.5545522247512198,
    0.6899796874038422,
    -0.021429476636184493,
    0.006741145576132627,
    -0.07062727382173072,
    -0.001752852223277968,
    0.00016221814624273862,
    -0.0014758577408780066,
    0.0056857688673603276,
    0.0006992130561557196,
    0.0002628717255391044,
    -0.0018263395251217995,
    -0.00022202446343144545,
    0.0014712802542069332,
    0.005746157413238121,
    0.0007870762421692419,
    -0.00024949194749296794,
    -6.580856982645496e-05,
    -6.302226943353263e-05,
    -0.00018060491994413832,
    0.004025133226202665,
    0.0023351094512173536,
    0.005708626663602801,
    -0.007990926119320651,
    -0.0006097191652958816,
    -0.0010731240193181917,
    0.0009736103380301626,
    0.0037362651093802734,
    -0.0024261921680078158,
    -0.005551370863921027,
    -0.007674414999834163,
    0.0004609700776818992,
    -0.0010944551831941639,
    -0.0010421869526121028,
    0.6600916002234924,
    0.001586072054417307,
    0.0016239437337900635,
    -0.1296735070871956,
    -0.0028080254053168235,
    -0.04287150899238274,
    0.7692533323874658
  ],
  "std": [
    0.30216732055747253,
    0.16872655860051675,
    0.20918199480370578,
    0.44710257511925466,
    0.1781397687348868,
    0.11156044615869425,
    0.3024666716666213,
    0.16901968766058056,
    0.20927495730389709,
    0.44627026570071027,
    0.17815511788676766,
    0.1113908897396923,
    0.1171646803687017,
    0.09108472369522587,
    0.13212549947034333,
    0.42084931123422964,
    0.24100382793917066,
    0.3874807481388904,
    0.5638092550142186,
    0.3316805504557612,
    0.1399061204986748,
    0.26917380922975254,
    0.41238842782310264,
    0.242488157107599,
    0.3776128856740105,
    0.5621143392313505,
    0.3322309101465516,
    0.1396489188169439,
    0.2689952658954505,
    1.4356702187537183,
    1.091266215977936,
    1.1394816000471617,
    2.973970148408998,
    1.7142657699404196,
    1.1276994082320049,
    1.4371995564472817,
    1.0930894042653785,
    1.1391459920821492,
    2.9682016506578788,
    1.7126770169956544,
    1.126374230811682,
    0.6486928495105,
    0.5358046578643197,
    0.485223611953361,
    1.7263137469216554,
    0.7890977080434608,
    1.2355228125642006,
    1.4719110829077344,
    1.1639907897775061,
    0.5116326042458899,
    0.8774245528771937,
    1.7081229725620148,
    0.7894253726552527,
    1.206387927989302,
    1.4649114500391018,
    1.1590998261620362,
    0.5137829113448806,
    0.8796887230057843,
    0.24824124981851134,
    0.057874544909971674,
    0.058046943394538274,
    0.6921821365104837,
    0.9229739011485608,
    2.230795768737598,
    0.0875638611694093
  ],
  "std_epsilon": 1e-06
}
