{
  "preprocessing_assumptions": {
    "target_fps": 10.0,
    "assume_fps_if_missing": 120,
    "source_joint_unit": "degrees",
    "source_root_pos_unit": "centimeters",
    "source_root_euler_unit": "degrees",
    "joint_pos_only_mode": false,
    "allow_joint_vel_fallback": true,
    "allow_body_pos_zero_fallback": false,
    "allow_body_quat_identity_debug_fallback": false,
    "renormalize_quaternion": true,
    "expected_joint_count": 29
  },
  "num_train_sequences": 47022,
  "num_train_frames": 3358403,
  "mean": [
    -0.1464886766418088,
    0.10912754465014356,
    0.16828256651670803,
    0.5327071739029349,
    -0.20921435257655926,
    -0.06450327896946922,
    -0.1487154440954777,
    -0.11279886302257977,
    -0.16579946152450012,
    0.5375827978487774,
    -0.21214801081840828,
    0.06497763634061753,
    -0.026421272511657184,
    -0.008140375103079208,
    0.202018060462,
    -0.0552801771000755,
    0.3832096743917279,
    -0.4942802731086456,
    0.6708551268830947,
    0.009920287091780075,
    0.009043308883077125,
    0.06863606690063598,
    -0.10965059484698307,
    -0.35262606798487467,
    0.5550002879070307,
    0.6949032831795255,
    -0.019046379272746078,
    0.007944615713212679,
    -0.0689772299691999,
    -0.003227168793926946,
    0.0002990001991931349,
    -0.0015226510535413427,
    0.007057718249690667,
    8.216823660594265e-05,
    0.00040065715250179294,
    -0.0031776584356202906,
    -0.00034433420967368137,
    0.0016084666631594313,
    0.00692621355069142,
    0.00013047790227383856,
    -0.0003481746659319875,
    6.694491140252816e-06,
    -7.021936142226458e-05,
    0.000202444591424115,
    0.003375535833460188,
    0.0024351770167332387,
    0.005462521940133392,
    -0.008177843129942457,
    -0.0006494754528197961,
    -0.001014363103224952,
    0.0010037973655088327,
    0.0029105532303436116,
    -0.0023451149882670096,
    -0.005444158948313264,
    -0.007891711341886126,
    0.0004505253412450204,
    -0.0010257741055379231,
    -0.0011060573699593107,
    0.6581785604299523,
    0.0015785169641410917,
    0.0013705074605444077,
    -0.12173781657482469,
    0.0012441124121111166,
    -0.05127242860490702,
    0.7683502202079394
  ],
  "std": [
    0.29924048007020226,
    0.16765643860535928,
    0.21024269686063565,
    0.4420200435672605,
    0.1753977137008565,
    0.11182330027873423,
    0.29966251235915115,
    0.16778201604585796,
    0.2103739035858505,
    0.4412102680077764,
    0.17566463030477478,
    0.1115828684728824,
    0.11696157913922918,
    0.0912715666228924,
    0.13243310940790373,
    0.42174984700803037,
    0.24290958867991538,
    0.393283421142723,
    0.561514380063826,
    0.3361358034933662,
    0.14046090115393736,
    0.2726413447103004,
    0.4128654601355546,
    0.2443932988523428,
    0.3817913743114078,
    0.5591683311059197,
    0.3364852239910958,
    0.1405546569725544,
    0.27163768232646957,
    1.282871157245397,
    0.9348828068871309,
    0.9354219104721799,
    2.6284542598499803,
    1.3873450231031774,
    0.8277097357294665,
    1.2851351926795922,
    0.9361292126997856,
    0.9341646695629776,
    2.623826995530059,
    1.3871688802674431,
    0.8263844831088416,
    0.5873781815167203,
    0.444287651850752,
    0.41095566387980215,
    1.5787220392468322,
    0.7226377101915917,
    1.0866150853671188,
    1.3307379606479106,
    0.8863258151904889,
    0.379085180663895,
    0.7066298276381258,
    1.565754343983042,
    0.7258993221303981,
    1.0573782556882492,
    1.3256804100081057,
    0.8851949338600011,
    0.38200041822688235,
    0.7098789082867517,
    0.2511646534098441,
    0.05857467525661007,
    0.058379905871891846,
    0.6943008529811151,
    0.9459669670526399,
    2.2673922487928535,
    0.08554618290162577
  ],
  "std_epsilon": 1e-06
}