{
  "mean": [
    -0.17311598360538483,
    0.11191488802433014,
    0.16034309566020966,
    0.5970549583435059,
    -0.21183261275291443,
    -0.06331556290388107,
    -0.17534823715686798,
    -0.11645068228244781,
    -0.15798930823802948,
    0.601790189743042,
    -0.21448075771331787,
    0.06404513120651245,
    -0.02644271031022072,
    -0.008618316613137722,
    0.20961403846740723,
    -0.049179933965206146,
    0.39727964997291565,
    -0.5017423629760742,
    0.5952075719833374,
    0.016165386885404587,
    0.0056698862463235855,
    0.08601535111665726,
    -0.10318847745656967,
    -0.3666624128818512,
    0.5618702173233032,
    0.619143009185791,
    -0.026794465258717537,
    0.004676265176385641,
    -0.0857686698436737,
    0.011009464040398598,
    -0.0037872488610446453,
    -0.004116598051041365,
    -0.014517096802592278,
    0.005872160661965609,
    -0.00025511099374853075,
    0.012790857814252377,
    0.004328139591962099,
    0.00405418686568737,
    -0.014746302738785744,
    0.005328658502548933,
    0.0001940157962962985,
    0.0005465347203426063,
    0.0001451534772058949,
    -0.005146188195794821,
    0.0105965044349432,
    -0.002522008726373315,
    0.00434602377936244,
    0.0003935997374355793,
    -0.000781014037784189,
    -0.0007086028344929218,
    0.00048616656567901373,
    0.007864534854888916,
    0.0023293611593544483,
    -0.004127954598516226,
    -0.0003326960140839219,
    0.0005432739271782339,
    -0.0008703774656169116,
    -0.00047754807746969163,
    0.9220384955406189,
    0.0002494895597919822,
    0.002864864422008395,
    -0.0027379225939512253,
    -0.1459963172674179,
    0.0009169324766844511,
    0.005527034401893616
  ],
  "std": [
    0.32231828570365906,
    0.17623867094516754,
    0.20875932276248932,
    0.4769803285598755,
    0.19436858594417572,
    0.11576500535011292,
    0.322386771440506,
    0.17660637199878693,
    0.20885257422924042,
    0.475857675075531,
    0.19451822340488434,
    0.1155640184879303,
    0.12662874162197113,
    0.09334448724985123,
    0.13200990855693817,
    0.4591043293476105,
    0.23019851744174957,
    0.38226473331451416,
    0.5987149477005005,
    0.3360578119754791,
    0.14425155520439148,
    0.268719881772995,
    0.451655775308609,
    0.23065029084682465,
    0.37416887283325195,
    0.5960729122161865,
    0.3366177976131439,
    0.14482693374156952,
    0.2687499523162842,
    1.4972878694534302,
    1.0541359186172485,
    0.996282696723938,
    3.059568166732788,
    1.660180926322937,
    0.934038519859314,
    1.4985374212265015,
    1.0555108785629272,
    0.9939969778060913,
    3.0537095069885254,
    1.6597861051559448,
    0.9322326183319092,
    0.6892779469490051,
    0.5019727945327759,
    0.4942570924758911,
    1.9031212329864502,
    0.8385452032089233,
    1.2636383771896362,
    1.5664019584655762,
    0.9763426780700684,
    0.4270837903022766,
    0.7963566780090332,
    1.885042428970337,
    0.8435776829719543,
    1.2293888330459595,
    1.5607728958129883,
    0.9736360907554626,
    0.4290871024131775,
    0.7981360554695129,
    0.3400343060493469,
    0.048341888934373856,
    0.04793652892112732,
    0.1719626933336258,
    0.7168747186660767,
    0.34239181876182556,
    0.11366793513298035
  ],
  "stats_type": "sampled_window",
  "root_relative": true,
  "fps": 10.0,
  "joint_vel_mode": "source",
  "body_pos_mode": "relative",
  "history_len": 20,
  "pred_len": 10,
  "frame_dim": 65,
  "num_source_files": 47022,
  "num_files_used": 47022,
  "max_files": null,
  "num_windows_used": 47022,
  "num_frames_accumulated": 1410660,
  "seed": 42
}