{
  "checkpoint": "checkpoints/pred_len10/transformer_mdm_root_relative.pt",
  "checkpoint_epoch": 4381,
  "checkpoint_best_val": 0.07929491624236107,
  "root_relative": true,
  "stats_path": "processed_dataset/stats/stats.json",
  "num_inference_steps": 50,
  "seed": 57,
  "val_indices": [
    0,
    347133,
    867832,
    1388532
  ],
  "metrics": {
    "full_mse": 16.69878387451172,
    "joint_pos_mse": 0.2552766799926758,
    "joint_vel_mse": 37.15910339355469,
    "body_quat_mse": 0.06932709366083145,
    "body_pos_mse": 0.042198892682790756,
    "quaternion_norm_error": 2.6822089438383045e-08,
    "norm_full_mse": 10.957985877990723,
    "norm_joint_pos_mse": 2.7947826385498047,
    "norm_joint_vel_mse": 17.408388137817383,
    "norm_body_quat_mse": 14.55494213104248,
    "norm_body_pos_mse": 22.71912956237793,
    "vel_fd_mse": 131.53704833984375,
    "mean_step_joint_pos_rmse": 0.24830879271030426,
    "quat_norm_min": 0.9999998807907104,
    "quat_norm_max": 1.0000001192092896,
    "finite": 1.0,
    "max_abs": 47.722801208496094,
    "seam_pos_rmse": 0.44380754232406616,
    "seam_expected_rmse": 0.435149222612381,
    "seam_velocity_mse": 493.25250244140625,
    "first_velocity_mse_to_history": 14.026337623596191
  }
}