{
  "checkpoint": "checkpoints/pred_len10/best.pt",
  "source_checkpoint": "checkpoints/transformer_pred_len10_fps120_20260515/best.pt",
  "checkpoint_epoch": 4034,
  "checkpoint_best_val": 0.08243497461080551,
  "sampling": {
    "num_inference_steps": 50,
    "velocity_mode": "predicted",
    "sample_shape": [
      10,
      65
    ]
  },
  "metrics": {
    "aggregate": {
      "finite": 1.0,
      "full_mse": 2.0292889871634543,
      "joint_pos_mse": 0.040141971621778794,
      "joint_vel_mse": 4.504946503788233,
      "body_quat_mse": 0.0022268452448770404,
      "body_pos_mse": 0.02910647913813591,
      "quat_norm_error": 1.7881393810093016e-08,
      "quat_norm_min": 0.999999925494194,
      "quat_norm_max": 1.0,
      "vel_fd_mse": 4.871719211339951,
      "seam_pos_rmse": 0.03374445694498718,
      "seam_expected_rmse": 0.028678315691649914,
      "mean_step_joint_pos_rmse": 0.04594267252832651,
      "mean_body_step_norm": 0.32624439522624016,
      "max_abs": 5.387571156024933
    },
    "per_sample": [
      {
        "sample": 0,
        "shape": [
          10,
          65
        ],
        "finite": true,
        "full_mse": 7.079206943511963,
        "joint_pos_mse": 0.14258858561515808,
        "joint_vel_mse": 15.717194557189941,
        "body_quat_mse": 0.004904771689325571,
        "body_pos_mse": 0.06505134701728821,
        "quat_norm_error": 5.9604645663569045e-09,
        "quat_norm_min": 0.9999999403953552,
        "quat_norm_max": 1.0,
        "vel_fd_mse": 15.326313018798828,
        "seam_pos_rmse": 0.05795878544449806,
        "seam_expected_rmse": 0.06295780092477798,
        "mean_step_joint_pos_rmse": 0.09056349843740463,
        "mean_body_step_norm": 0.6315886974334717,
        "max_abs": 8.465716361999512
      },
      {
        "sample": 1,
        "shape": [
          10,
          65
        ],
        "finite": true,
        "full_mse": 0.024779686704277992,
        "joint_pos_mse": 0.0004724299651570618,
        "joint_vel_mse": 0.054178014397621155,
        "body_quat_mse": 0.00020097510423511267,
        "body_pos_mse": 0.008337553590536118,
        "quat_norm_error": 2.9802322387695312e-08,
        "quat_norm_min": 0.9999998807907104,
        "quat_norm_max": 1.0,
        "vel_fd_mse": 0.5336171388626099,
        "seam_pos_rmse": 0.014914394356310368,
        "seam_expected_rmse": 0.01423698477447033,
        "mean_step_joint_pos_rmse": 0.015190843492746353,
        "mean_body_step_norm": 0.12706850469112396,
        "max_abs": 1.5062682628631592
      },
      {
        "sample": 2,
        "shape": [
          10,
          65
        ],
        "finite": true,
        "full_mse": 0.2768339216709137,
        "joint_pos_mse": 0.006303762551397085,
        "joint_vel_mse": 0.6118971109390259,
        "body_quat_mse": 0.000828725635074079,
        "body_pos_mse": 0.02102166973054409,
        "quat_norm_error": 1.7881394143159923e-08,
        "quat_norm_min": 0.9999999403953552,
        "quat_norm_max": 1.0,
        "vel_fd_mse": 1.5815086364746094,
        "seam_pos_rmse": 0.018150435760617256,
        "seam_expected_rmse": 0.01817891001701355,
        "mean_step_joint_pos_rmse": 0.02838420867919922,
        "mean_body_step_norm": 0.25593215227127075,
        "max_abs": 2.448920726776123
      },
      {
        "sample": 3,
        "shape": [
          10,
          65
        ],
        "finite": true,
        "full_mse": 0.7363353967666626,
        "joint_pos_mse": 0.011203108355402946,
        "joint_vel_mse": 1.6365163326263428,
        "body_quat_mse": 0.0029729085508733988,
        "body_pos_mse": 0.022015346214175224,
        "quat_norm_error": 1.7881394143159923e-08,
        "quat_norm_min": 0.9999999403953552,
        "quat_norm_max": 1.0,
        "vel_fd_mse": 2.045438051223755,
        "seam_pos_rmse": 0.043954212218523026,
        "seam_expected_rmse": 0.01933956705033779,
        "mean_step_joint_pos_rmse": 0.04963213950395584,
        "mean_body_step_norm": 0.29038822650909424,
        "max_abs": 9.129379272460938
      }
    ]
  },
  "note": "Predicted joint_vel channels are the recommended default. Reconstructed velocity was evaluated separately and was not selected for the curated samples."
}
